[
  {
    "title": "HTML",
    "imageSrc": "skills/html.png"
  },
  {
    "title": "CSS",
    "imageSrc": "skills/css.png"
  },
  {
    "title": "Tailwind CSS",
    "imageSrc": "skills/css.png"
  },
  {
    "title": "JavaScript",
    "imageSrc": "skills/javascript.png"
  },
  {
    "title": "React",
    "imageSrc": "skills/react.png"
  },
  {
    "title": "Node",
    "imageSrc": "skills/node.png"
  },
 
  {
    "title": "Express.js",
    "imageSrc": "skills/node.png"
  },
 

  {
    "title": "MongoDB",
    "imageSrc": "skills/mongodb.png"
  }
 
]
